id;username;fullname;firstname;lastname;password;email;email_verified;language;enabled
1;value-added;Pants embrace SMS;harness;Garden;synthesizing Borders;Keely_Keebler59@yahoo.com;multi-byte;Overpass relationships leverage;false
2;compress Cotton;needs-based Congo Health;plum;bleeding-edge Cameroon;deliver;Tanya_Adams77@gmail.com;project hack International;Group Market collaboration;true
3;foreground indexing interactive;Buckinghamshire;website Programmable;interface Customer relationships;experiences Music;Joy.Corwin10@hotmail.com;COM Grocery CSS;circuit;false
4;redundant Assurance virtual;Islands Alaska;Graphic Integration;impactful;protocol;Orion47@yahoo.com;invoice Bike;Avon Bedfordshire;false
5;Trail;Borders upward-trending;iterate;encoding Games TCP;rich Exclusive;Dorothy_Leuschke96@gmail.com;Computers array;Devolved;true
6;Oregon (Bouvetoya) needs-based;orchestrate invoice Buckinghamshire;moderator;bandwidth;Borders Facilitator Rustic;Lambert_OReilly91@gmail.com;frame Cedi;ivory;false
7;Awesome;Vermont 24/365 Solomon;ubiquitous HTTP Bypass;Program Borders Cambridgeshire;quantifying deposit Avon;Amani54@yahoo.com;JBOD calculate strategic;Outdoors;false
8;Union customer Cordoba;National;firewall algorithm;synthesize;Forward Hat Avon;Rudolph_Harber62@gmail.com;rich;SMTP Soft open-source;true
9;digital streamline;Azerbaijanian mesh Borders;overriding Virgin National;convergence;Kip methodology;Kali_Blick@gmail.com;Ameliorated AI;hard Saudi;true
10;Streamlined Oman Human;quantify;Idaho internet;Gloves Shoes Savings;Mobility;Fleta_Bergnaum@hotmail.com;neural Representative EXE;reboot;false
